{"cameraMode":{"drawMode":0,"name":"Shaded","section":"Shading Mode"},"sceneLighting":true,"audioPlay":false,"sceneViewState":{"showFog":true,"showMaterialUpdate":false,"showSkybox":true,"showFlares":true,"showImageEffects":true,"showParticleSystems":true},"in2DMode":false,"pivot":{"x":-2.5599238872528078,"y":4.359375,"z":-0.30140429735183718},"rotation":{"x":0.6985710263252258,"y":-4.016607046963827e-9,"z":4.343427839614833e-9,"w":0.7155410647392273},"size":9.568499565124512,"orthographic":true}